model_name,MAE,RMSE,R2
Ridge,47174.681677134635,67318.99003648559,0.26463939352399624
DummyRegressor,58200.322031241834,79420.86689620028,-0.02351549923812657
